{
  "project_info": {
    "project_number": "503005536407",
    "firebase_url": "https://tutors-e25b3.firebaseio.com",
    "project_id": "tutors-e25b3",
    "storage_bucket": "tutors-e25b3.appspot.com"
  },
  "client": [
    {
      "client_info": {
        "mobilesdk_app_id": "1:503005536407:android:f74b9df91e1c2863",
        "android_client_info": {
          "package_name": "com.example.andrearaffo.tutors"
        }
      },
      "oauth_client": [
        {
          "client_id": "503005536407-j6jp8gjfe9haqmghlesdjtfkubepoc6h.apps.googleusercontent.com",
          "client_type": 1,
          "android_info": {
            "package_name": "com.example.andrearaffo.tutors",
            "certificate_hash": "b3a1ab3918e4121fa1807b29b599278eac1a0288"
          }
        },
        {
          "client_id": "503005536407-95ns42pnul7ebg5b2oegh4al38rkmhbm.apps.googleusercontent.com",
          "client_type": 3
        }
      ],
      "api_key": [
        {
          "current_key": "AIzaSyDKR3BEaEaXWXICJoqqVEtQo549I5VT3v0"
        }
      ],
      "services": {
        "analytics_service": {
          "status": 1
        },
        "appinvite_service": {
          "status": 2,
          "other_platform_oauth_client": [
            {
              "client_id": "503005536407-95ns42pnul7ebg5b2oegh4al38rkmhbm.apps.googleusercontent.com",
              "client_type": 3
            }
          ]
        },
        "ads_service": {
          "status": 2
        }
      }
    }
  ],
  "configuration_version": "1"
}